model,n_param,log_lik,aic,bic,outcome
Proportional Hazards,22,-16054.339757933727,32152.679515867454,32268.41101302543,(3) PE (w/ or w/out DVT)
Interaction with log(t),23,-16004.799693379124,32055.599386758247,32176.591406514315,(3) PE (w/ or w/out DVT)
NCS with df = 1,23,-16044.87679300648,32135.75358601296,32256.74560576903,(3) PE (w/ or w/out DVT)
NCS with df = 2,25,-16021.694054784666,32093.388109569332,32224.90117452158,(3) PE (w/ or w/out DVT)
NCS with df = 3,27,-15992.260184022749,32038.520368045498,32180.554478193924,(3) PE (w/ or w/out DVT)
NCS with df = 4,29,-15981.601484109611,32021.202968219222,32173.758123563828,(3) PE (w/ or w/out DVT)
NCS with df = 5,31,-15980.886085823086,32023.77217164617,32186.848372186956,(3) PE (w/ or w/out DVT)
NCS with df = 6,33,-15980.491925662196,32026.983851324392,32200.581097061357,(3) PE (w/ or w/out DVT)
