model,n_param,log_lik,aic,bic,outcome
Proportional Hazards,22,-16058.096374667957,32160.192749335914,32275.92424649389,(3) PE (w/ or w/out DVT)
Interaction with log(t),23,-16005.278154171563,32056.556308343126,32177.548328099194,(3) PE (w/ or w/out DVT)
NCS with df = 1,23,-16045.493672324117,32136.987344648234,32257.979364404302,(3) PE (w/ or w/out DVT)
NCS with df = 2,25,-16022.716073262036,32095.432146524072,32226.94521147632,(3) PE (w/ or w/out DVT)
NCS with df = 3,27,-15993.121130126707,32040.242260253413,32182.27637040184,(3) PE (w/ or w/out DVT)
NCS with df = 4,29,-15983.332085733984,32024.664171467968,32177.219326812574,(3) PE (w/ or w/out DVT)
NCS with df = 5,31,-15983.6281876695,32029.256375339,32192.332575879784,(3) PE (w/ or w/out DVT)
NCS with df = 6,33,-15983.005490706306,32032.01098141261,32205.608227149576,(3) PE (w/ or w/out DVT)
