model,n_param,log_lik,aic,bic,outcome
Proportional Hazards,22,-7555.958828926022,15155.917657852044,15256.384451307715,(3) PE (w/ or w/out DVT)
Interaction with log(t),23,-7533.493845662482,15112.987691324965,15218.02115721044,(3) PE (w/ or w/out DVT)
NCS with df = 1,23,-7552.783678746115,15151.56735749223,15256.600823377705,(3) PE (w/ or w/out DVT)
NCS with df = 2,25,-7539.607520294702,15129.215040589404,15243.381851334485,(3) PE (w/ or w/out DVT)
NCS with df = 3,27,-7525.779101128719,15105.558202257438,15228.858357862126,(3) PE (w/ or w/out DVT)
NCS with df = 4,29,-7519.740055971567,15097.480111943134,15229.913612407428,(3) PE (w/ or w/out DVT)
NCS with df = 5,31,-7519.325897892445,15100.65179578489,15242.21864110879,(3) PE (w/ or w/out DVT)
NCS with df = 6,33,-7518.6353468649095,15103.270693729819,15253.970883913325,(3) PE (w/ or w/out DVT)
