model,n_param,log_lik,aic,bic,outcome
Proportional Hazards,16,-1418.0994733150853,2868.1989466301707,2917.401727673912,(3) PE (w/ or w/out DVT)
Interaction with log(t),17,-1412.5036820715147,2859.0073641430295,2911.2853190020046,(3) PE (w/ or w/out DVT)
NCS with df = 1,17,-1416.381509527592,2866.763019055184,2919.040973914159,(3) PE (w/ or w/out DVT)
NCS with df = 2,18,-1413.661652295769,2863.323304591538,2918.676433265747,(3) PE (w/ or w/out DVT)
NCS with df = 3,19,-1410.2415873165926,2858.483174633185,2916.9114771226277,(3) PE (w/ or w/out DVT)
NCS with df = 4,20,-1410.0246600680423,2860.0493201360846,2921.552796440761,(3) PE (w/ or w/out DVT)
NCS with df = 5,21,-1410.0600807965636,2862.1201615931272,2926.6988117130377,(3) PE (w/ or w/out DVT)
NCS with df = 6,22,-1408.4175303346826,2860.8350606693652,2928.4888846045096,(3) PE (w/ or w/out DVT)
