model,n_param,log_lik,aic,bic,outcome
Proportional Hazards,21,-7555.571879510029,15153.143759020058,15249.043880045927,(3) PE (w/ or w/out DVT)
Interaction with log(t),23,-7532.49497448877,15110.98994897754,15216.023414863015,(3) PE (w/ or w/out DVT)
NCS with df = 1,23,-7551.792117638868,15149.584235277736,15254.617701163212,(3) PE (w/ or w/out DVT)
NCS with df = 2,25,-7538.981454679449,15127.962909358897,15242.129720103978,(3) PE (w/ or w/out DVT)
NCS with df = 3,27,-7525.278137742575,15104.55627548515,15227.856431089838,(3) PE (w/ or w/out DVT)
NCS with df = 4,29,-7518.364451090409,15094.728902180817,15227.162402645112,(3) PE (w/ or w/out DVT)
NCS with df = 5,31,-7517.650388201117,15097.300776402233,15238.867621726135,(3) PE (w/ or w/out DVT)
NCS with df = 6,33,-7517.580046003638,15101.160092007276,15251.860282190783,(3) PE (w/ or w/out DVT)
