model,n_param,log_lik,aic,bic,outcome
Proportional Hazards,20,-4985.3996673136,10010.7993346272,10093.93891433891,(3) PE (w/ or w/out DVT)
Interaction with log(t),21,-4966.407872491187,9974.815744982374,10062.11230367967,(3) PE (w/ or w/out DVT)
NCS with df = 1,21,-4982.50708552787,10007.01417105574,10094.310729753037,(3) PE (w/ or w/out DVT)
NCS with df = 2,22,-4975.693979331888,9995.387958663776,10086.841496346658,(3) PE (w/ or w/out DVT)
NCS with df = 3,23,-4951.5854791808415,9949.170958361683,10044.781475030151,(3) PE (w/ or w/out DVT)
NCS with df = 4,24,-4950.009970779953,9948.019941559905,10047.78743721396,(3) PE (w/ or w/out DVT)
NCS with df = 5,25,-4949.226728904552,9948.453457809104,10052.377932448742,(3) PE (w/ or w/out DVT)
NCS with df = 6,26,-4949.501839686414,9951.003679372829,10059.085132998052,(3) PE (w/ or w/out DVT)
