model,n_param,log_lik,aic,bic,outcome
Proportional Hazards,20,-9696.236360900126,19432.47272180025,19528.74161379047,(1) Any VTE
Interaction with log(t),21,-9639.186024957904,19320.372049915808,19421.45438650554,(1) Any VTE
NCS with df = 1,21,-9680.843556886213,19403.687113772427,19504.769450362157,(1) Any VTE
NCS with df = 2,22,-9659.47320638974,19362.94641277948,19468.84219396872,(1) Any VTE
NCS with df = 3,23,-9628.848007909073,19303.696015818146,19414.405241606895,(1) Any VTE
NCS with df = 4,24,-9621.05631968854,19290.11263937708,19405.63530976534,(1) Any VTE
NCS with df = 5,25,-9619.682938930287,19289.365877860575,19409.701992848346,(1) Any VTE
NCS with df = 6,26,-9620.592959561709,19293.185919123418,19418.335478710702,(1) Any VTE
