model,n_param,log_lik,aic,bic,outcome
Proportional Hazards,20,-10526.863945894225,21093.72789178845,21190.538822374223,(3) PE (w/ or w/out DVT)
Interaction with log(t),21,-10487.116416889312,21016.232833778624,21117.884310893685,(3) PE (w/ or w/out DVT)
NCS with df = 1,21,-10516.0327447281,21074.0654894562,21175.71696657126,(3) PE (w/ or w/out DVT)
NCS with df = 2,22,-10504.151203210286,21052.30240642057,21158.79443006492,(3) PE (w/ or w/out DVT)
NCS with df = 3,23,-10473.964731202042,20993.929462404085,21105.262032577724,(3) PE (w/ or w/out DVT)
NCS with df = 4,24,-10467.894339698665,20983.78867939733,21099.96179610026,(3) PE (w/ or w/out DVT)
NCS with df = 5,25,-10469.327235205235,20988.65447041047,21109.66813364269,(3) PE (w/ or w/out DVT)
NCS with df = 6,26,-10464.349085030884,20980.69817006177,21106.552379823275,(3) PE (w/ or w/out DVT)
