model,n_param,log_lik,aic,bic,outcome
Proportional Hazards,20,-20340.1182669966,40720.2365339932,40830.04712203441,(1) Any VTE
Interaction with log(t),21,-20233.077596865773,40508.155193731545,40623.45631117482,(1) Any VTE
NCS with df = 1,21,-20303.726191747974,40649.45238349595,40764.75350093922,(1) Any VTE
NCS with df = 2,22,-20272.995177670335,40589.99035534067,40710.782002186,(1) Any VTE
NCS with df = 3,23,-20214.42609110564,40474.85218221128,40601.13435845868,(1) Any VTE
NCS with df = 4,24,-20202.962133890953,40453.924267781906,40585.69697343136,(1) Any VTE
NCS with df = 5,25,-20201.725948274747,40453.45189654949,40590.71513160101,(1) Any VTE
NCS with df = 6,26,-20202.969497895556,40457.93899579111,40600.69276024469,(1) Any VTE
