model,n_param,log_lik,aic,bic,outcome
Proportional Hazards,16,-8892.424803793867,17816.849607587734,17892.469342025473,(3) PE (w/ or w/out DVT)
Interaction with log(t),17,-8873.213584779694,17780.42716955939,17860.773137399487,(3) PE (w/ or w/out DVT)
NCS with df = 1,17,-8890.101762161046,17814.203524322093,17894.54949216219,(3) PE (w/ or w/out DVT)
NCS with df = 2,18,-8881.203154604433,17798.406309208865,17883.47851045132,(3) PE (w/ or w/out DVT)
NCS with df = 3,19,-8862.299176596125,17762.59835319225,17852.396787837068,(3) PE (w/ or w/out DVT)
NCS with df = 4,20,-8857.105170918521,17754.210341837043,17848.735009884218,(3) PE (w/ or w/out DVT)
NCS with df = 5,21,-8856.561584271456,17755.123168542912,17854.374069992446,(3) PE (w/ or w/out DVT)
NCS with df = 6,22,-8856.48875915159,17756.97751830318,17860.954653155073,(3) PE (w/ or w/out DVT)
