model,n_param,log_lik,aic,bic,outcome
Proportional Hazards,22,-46410.912852644105,92865.82570528821,93004.66565394592,(1) Any VTE
Interaction with log(t),23,-46241.49336147158,92528.98672294315,92674.13757835803,(1) Any VTE
NCS with df = 1,23,-46377.047830374446,92800.09566074889,92945.24651616377,(1) Any VTE
NCS with df = 2,27,-46311.34718546762,92676.69437093523,92847.08885337878,(1) Any VTE
NCS with df = 3,31,-46220.32526963576,92502.65053927152,92698.28864874374,(1) Any VTE
NCS with df = 4,35,-46183.85896042398,92437.71792084796,92658.59965734887,(1) Any VTE
NCS with df = 5,39,-46178.18460311676,92434.36920623352,92680.49456976309,(1) Any VTE
NCS with df = 6,43,-46177.83888161078,92441.67776322157,92713.04675377981,(1) Any VTE
