model,n_param,log_lik,aic,bic,outcome
Proportional Hazards,24,-16051.587701181,32151.175402362,32277.427944716157,(3) PE (w/ or w/out DVT)
Interaction with log(t),29,-15997.23566231551,32052.47132463102,32205.026479975626,(3) PE (w/ or w/out DVT)
NCS with df = 1,29,-16036.318570510111,32130.637141020223,32283.19229636483,(3) PE (w/ or w/out DVT)
NCS with df = 2,34,-16014.234153263373,32096.468306526745,32275.3260748618,(3) PE (w/ or w/out DVT)
NCS with df = 3,39,-15984.500589687044,32047.00117937409,32252.161560699595,(3) PE (w/ or w/out DVT)
NCS with df = 4,44,-15973.611080729142,32035.222161458285,32266.685155774238,(3) PE (w/ or w/out DVT)
NCS with df = 5,49,-15972.704091728607,32043.408183457213,32301.173790763616,(3) PE (w/ or w/out DVT)
NCS with df = 6,54,-15971.098997052262,32050.197994104525,32334.266214401378,(3) PE (w/ or w/out DVT)
