model,n_param,log_lik,aic,bic,outcome
Proportional Hazards,22,-16052.623948715873,32149.247897431746,32264.97939458972,(3) PE (w/ or w/out DVT)
Interaction with log(t),23,-16032.526012715472,32111.052025430945,32232.044045187013,(3) PE (w/ or w/out DVT)
NCS with df = 1,23,-16071.837864199795,32189.67572839959,32310.667748155658,(3) PE (w/ or w/out DVT)
NCS with df = 2,27,-16049.897413422053,32153.794826844107,32295.828936992533,(3) PE (w/ or w/out DVT)
NCS with df = 3,31,-16020.071028854487,32102.142057708974,32265.21825824976,(3) PE (w/ or w/out DVT)
NCS with df = 4,35,-16009.178698460968,32088.357396921936,32272.47568785508,(3) PE (w/ or w/out DVT)
NCS with df = 5,39,-16008.268631480829,32094.537262961658,32299.697644287164,(3) PE (w/ or w/out DVT)
NCS with df = 6,43,-16006.664967810018,32099.329935620037,32325.5324073379,(3) PE (w/ or w/out DVT)
