model,n_param,log_lik,aic,bic,outcome
Proportional Hazards,20,-7573.6684304424825,15187.336860884965,15278.67030948103,(3) PE (w/ or w/out DVT)
Interaction with log(t),21,-7547.828009168484,15137.656018336967,15233.556139362836,(3) PE (w/ or w/out DVT)
NCS with df = 1,21,-7567.272876149591,15176.545752299182,15272.44587332505,(3) PE (w/ or w/out DVT)
NCS with df = 2,22,-7553.931411517561,15151.862823035122,15252.329616490793,(3) PE (w/ or w/out DVT)
NCS with df = 3,23,-7538.786624758261,15123.573249516521,15228.606715401997,(3) PE (w/ or w/out DVT)
NCS with df = 6,26,-7535.6094267258895,15123.218853451779,15241.952336626664,(3) PE (w/ or w/out DVT)
