model,n_param,log_lik,aic,bic,outcome
Proportional Hazards,20,-16058.785190051229,32157.570380102457,32262.780832064254,(3) PE (w/ or w/out DVT)
Interaction with log(t),21,-16005.290080338274,32052.58016067655,32163.051135236437,(3) PE (w/ or w/out DVT)
NCS with df = 1,21,-16045.565859368566,32133.13171873713,32243.60269329702,(3) PE (w/ or w/out DVT)
NCS with df = 2,22,-16022.99993985548,32089.99987971096,32205.731376868935,(3) PE (w/ or w/out DVT)
NCS with df = 3,23,-15993.822361000879,32033.644722001758,32154.636741757826,(3) PE (w/ or w/out DVT)
NCS with df = 6,26,-15984.212989715908,32020.425979431817,32157.19956698215,(3) PE (w/ or w/out DVT)
