model,n_param,log_lik,aic,bic,outcome
Proportional Hazards,20,-21826.26390833993,43692.52781667986,43804.87317295243,(1) Any VTE
Interaction with log(t),21,-21725.89557547883,43493.79115095766,43611.75377504386,(1) Any VTE
NCS with df = 1,21,-21798.162200331895,43638.32440066379,43756.28702474999,(1) Any VTE
NCS with df = 2,22,-21763.35459306635,43570.7091861327,43694.289078032525,(1) Any VTE
NCS with df = 3,23,-21724.684036291354,43495.36807258271,43624.56523229616,(1) Any VTE
NCS with df = 4,24,-21701.987034510552,43451.974069021104,43586.788496548186,(1) Any VTE
NCS with df = 5,25,-21695.989347862702,43441.978695725404,43582.410391066114,(1) Any VTE
NCS with df = 6,26,-21698.14443444503,43448.28886889006,43594.337832044395,(1) Any VTE
