model,n_param,log_lik,aic,bic,outcome
Proportional Hazards,20,-7557.3173800550985,15154.634760110197,15245.968208706261,(3) PE (w/ or w/out DVT)
Interaction with log(t),21,-7534.481305251548,15110.962610503097,15206.862731528965,(3) PE (w/ or w/out DVT)
NCS with df = 1,21,-7553.773250257855,15149.54650051571,15245.446621541578,(3) PE (w/ or w/out DVT)
NCS with df = 2,22,-7540.850572336654,15125.701144673309,15226.16793812898,(3) PE (w/ or w/out DVT)
NCS with df = 3,23,-7527.321454615985,15100.64290923197,15205.676375117446,(3) PE (w/ or w/out DVT)
NCS with df = 4,24,-7521.195859757046,15090.391719514091,15199.99185782937,(3) PE (w/ or w/out DVT)
NCS with df = 5,25,-7521.495915992376,15092.991831984751,15207.158642729832,(3) PE (w/ or w/out DVT)
NCS with df = 6,26,-7520.994733831626,15093.989467663252,15212.722950838137,(3) PE (w/ or w/out DVT)
