model,n_param,log_lik,aic,outcome
Proportional Hazards,20,-10166.244481808017,20372.488963616033,(1) Any VTE
Interaction with log(t),21,-10115.32033102044,20272.64066204088,(1) Any VTE
NCS with df = 1,21,-10155.828741397649,20353.657482795297,(1) Any VTE
NCS with df = 2,22,-10136.045913341582,20316.091826683165,(1) Any VTE
NCS with df = 3,23,-10112.123379616758,20270.246759233516,(1) Any VTE
NCS with df = 6,26,-10095.08205988388,20242.16411976776,(1) Any VTE
NCS with df = 8,28,-10088.887857960526,20233.775715921052,(1) Any VTE
NCS with df = 10,30,-10088.86205309747,20237.72410619494,(1) Any VTE
