model,n_param,log_lik,aic,bic,outcome
Proportional Hazards,20,-6625.646314935667,13291.292629871334,13381.137426571742,(2) DVT (no PE)
Interaction with log(t),21,-6596.342509410508,13234.685018821016,13329.022055356445,(2) DVT (no PE)
NCS with df = 1,21,-6620.892689801308,13283.785379602616,13378.122416138045,(2) DVT (no PE)
NCS with df = 2,22,-6608.149944817372,13260.299889634744,13359.129166005194,(2) DVT (no PE)
NCS with df = 3,23,-6592.783813163908,13231.567626327816,13334.889142533288,(2) DVT (no PE)
NCS with df = 6,26,-6581.459715320596,13214.919430641192,13331.717666351724,(2) DVT (no PE)
NCS with df = 8,28,-6576.471685996205,13208.94337199241,13334.726087372985,(2) DVT (no PE)
NCS with df = 10,30,-6573.246962243567,13206.493924487135,13341.261119537749,(2) DVT (no PE)
