model,n_param,log_lik,aic,outcome
Proportional Hazards,20,-6625.646314935667,13291.292629871334,(2) DVT (no PE)
Interaction with log(t),21,-6596.342509410508,13234.685018821016,(2) DVT (no PE)
NCS with df = 1,21,-6620.892689801308,13283.785379602616,(2) DVT (no PE)
NCS with df = 2,22,-6608.594279513222,13261.188559026445,(2) DVT (no PE)
NCS with df = 3,23,-6593.443821205436,13232.887642410871,(2) DVT (no PE)
NCS with df = 6,26,-6579.260598427427,13210.521196854854,(2) DVT (no PE)
NCS with df = 8,28,-6575.984030530247,13207.968061060494,(2) DVT (no PE)
NCS with df = 10,30,-6575.488229523832,13210.976459047664,(2) DVT (no PE)
