model,n_param,log_lik,aic,bic,outcome
Proportional Hazards,20,-3516.7745295784885,7073.549059156977,7150.991414946485,(3) PE (w/ or w/out DVT)
Interaction with log(t),21,-3499.015571874594,7040.031143749188,7121.345617328172,(3) PE (w/ or w/out DVT)
NCS with df = 1,21,-3512.7860060582366,7067.572012116473,7148.886485695457,(3) PE (w/ or w/out DVT)
NCS with df = 2,22,-3506.019551918777,7056.039103837554,7141.2256952060125,(3) PE (w/ or w/out DVT)
NCS with df = 3,23,-3497.8354629950586,7041.670925990117,7130.729635148052,(3) PE (w/ or w/out DVT)
NCS with df = 6,26,-3489.966792485891,7031.933584971782,7132.608647498143,(3) PE (w/ or w/out DVT)
NCS with df = 8,28,-3487.105253482145,7030.21050696429,7138.629805069602,(3) PE (w/ or w/out DVT)
NCS with df = 10,30,-3486.398653893357,7032.797307786714,7148.960841470976,(3) PE (w/ or w/out DVT)
