model,n_param,log_lik,aic,bic,outcome
Proportional Hazards,20,-14178.924326837943,28397.848653675886,28501.58667408412,(2) DVT (no PE)
Interaction with log(t),21,-14121.846698245381,28285.693396490762,28394.618317919405,(2) DVT (no PE)
NCS with df = 1,21,-14167.854596558456,28377.709193116913,28486.634114545555,(2) DVT (no PE)
NCS with df = 2,22,-14141.01778841319,28326.03557682638,28440.147399275436,(2) DVT (no PE)
NCS with df = 3,23,-14113.733166094622,28273.466332189244,28392.76505565871,(2) DVT (no PE)
NCS with df = 6,26,-14093.30290389984,28238.60580779968,28373.465234330382,(2) DVT (no PE)
